Strategy,Threshold,Recall,Precision,F1_Score,True_Positives,False_Positives,False_Negatives,True_Negatives,Total_Fraud_Cases,Total_Alerts
No Weighting,0.7,0.4902745995423341,0.8973821989528796,0.6341102478727341,857,98,891,18154,1748,955
Balanced Weights,0.7,0.8775743707093822,0.6399666249478515,0.7401688781664657,1534,863,214,17389,1748,2397
SMOTE,0.7,0.8752860411899314,0.6458421274799493,0.7432596550886567,1530,839,218,17413,1748,2369
